epoch,d_loss,g_loss,e_loss,recon_loss,kl_loss
1,4.6466,2.6415,2.5905,0.0518,7.2015
2,4.9415,1.9688,1.9378,0.0387,8.3998
3,4.8828,1.9454,1.9103,0.0382,7.6753
4,4.4505,1.9785,1.9086,0.0381,6.7824
5,4.1267,2.0087,1.8928,0.0378,5.5332
6,4.0333,2.0916,1.8836,0.0376,4.5370
7,3.8193,2.1338,1.8766,0.0375,4.1424
8,3.3782,2.1738,1.8572,0.0371,4.0810
9,3.0368,2.2888,1.8342,0.0366,5.0300
10,2.7257,2.2970,1.8138,0.0362,5.0684
11,2.4542,2.2888,1.7931,0.0358,4.2647
12,2.3185,2.2403,1.7664,0.0352,4.6202
13,2.0379,2.2727,1.7419,0.0347,4.3893
14,1.9089,2.2601,1.6984,0.0338,4.5474
15,1.8403,2.1853,1.6789,0.0334,5.6707
16,1.7830,2.1803,1.6357,0.0325,5.3166
17,1.7714,2.1497,3.2305,0.0325,943.8420
18,1.7059,2.2252,1.6396,0.0326,4.5860
19,1.5798,2.2071,1.5897,0.0316,4.8909
20,1.7084,2.0797,2.1799,0.0316,299.6685
21,1.6137,2.2902,1.6423,0.0326,4.7039
22,1.6198,2.1947,1.8785,0.0326,114.0227
23,1.5834,2.2494,1.6320,0.0324,4.8828
24,1.4969,2.1925,1.5679,0.0311,4.6893
25,1.5851,2.1040,1.5133,0.0300,4.8928
26,1.4808,2.0693,1.4829,0.0294,4.6523
27,1.5005,2.1052,1.4479,0.0287,4.8399
28,1.6594,2.0091,1.4258,0.0282,6.1548
29,1.5566,1.9834,1.3831,0.0274,5.2804
30,1.6677,1.9759,1.3378,0.0264,5.3429
31,1.5158,1.9333,1.3083,0.0258,5.3956
32,1.4853,1.9409,1.2784,0.0252,5.6337
33,1.5469,1.8397,1.2640,0.0248,6.6270
34,1.6001,1.8148,1.2080,0.0238,5.5801
35,1.5898,1.9966,56.3881,0.0275,15718.3511
36,1.6249,2.3522,1.7459,0.0346,4.7502
37,1.5325,2.4144,1.7009,0.0336,5.1989
38,1.5220,2.2632,1.6611,0.0328,5.3405
39,1.6416,2.2188,1.6023,0.0316,6.3302
40,1.5455,2.1259,1.5511,0.0306,5.3376
41,1.5122,2.1857,1.5096,0.0297,5.4292
42,1.4117,2.1082,1.4670,0.0289,5.6859
43,1.5411,2.0089,1.4275,0.0281,5.8020
44,1.5359,1.9734,1.3669,0.0268,5.6403
45,1.4076,2.0654,1.3200,0.0259,5.6675
46,1.3902,1.9338,1.2923,0.0253,5.5800
47,1.5217,1.8779,1.2516,0.0245,5.6785
48,1.5046,1.7885,1.2219,0.0239,5.6026
49,1.6100,1.7996,1.1708,0.0229,5.5365
50,1.4613,1.8101,1.1547,0.0225,5.5899
51,1.5293,1.7355,1.1159,0.0217,5.6522
52,1.5496,1.7138,1.0960,0.0213,5.6687
53,1.5566,1.6747,1.0578,0.0206,5.5812
54,1.4985,1.6697,1.0236,0.0199,5.5494
55,1.5740,1.6106,1.0144,0.0197,5.6180
56,1.5317,1.6007,0.9859,0.0191,5.5738
57,1.6204,1.5108,0.9555,0.0185,5.5550
58,1.5745,1.4792,0.9338,0.0180,5.6074
59,1.5869,1.5186,0.9099,0.0175,5.6921
60,1.5636,1.4475,0.8963,0.0172,5.7726
61,1.5393,1.4737,0.8704,0.0167,5.7623
62,1.5271,1.4301,0.8443,0.0162,5.7789
63,1.5203,1.4148,0.8545,0.0161,7.8216
64,1.4533,1.4867,0.8187,0.0156,5.9097
65,1.4427,1.4498,0.8055,0.0153,6.0410
66,1.4691,1.3695,0.7779,0.0148,5.8950
67,1.4530,1.3625,0.7642,0.0145,5.9229
68,1.4992,1.3784,0.7569,0.0143,5.9110
69,1.4350,1.3977,0.7415,0.0140,5.9944
70,1.3635,1.3629,0.7504,0.0142,6.0362
71,1.5365,1.2958,0.7293,0.0137,6.0706
72,1.5010,1.3821,0.7115,0.0134,6.0803
73,1.4069,1.3383,0.7012,0.0131,6.0299
74,1.5079,1.2885,0.6812,0.0127,6.0461
75,1.4965,1.3142,0.6774,0.0126,6.0668
76,1.3676,1.3071,0.6899,0.0129,6.1311
77,1.5454,1.2193,0.6511,0.0121,6.1898
78,1.4414,1.2707,0.6415,0.0119,6.2137
79,1.4732,1.2125,0.6280,0.0116,6.2033
80,1.4737,1.2372,0.6212,0.0114,6.2171
81,1.4802,1.2080,0.6037,0.0111,6.2331
82,1.4695,1.2324,0.6147,0.0113,6.3449
83,1.4945,1.2123,0.6122,0.0112,6.4156
84,1.4275,1.2345,0.5940,0.0108,6.3706
85,1.4949,1.2003,0.5845,0.0106,6.3902
86,1.5125,1.1441,0.5737,0.0104,6.3992
87,1.4973,1.1837,0.5710,0.0103,6.4332
88,1.4886,1.1267,0.5583,0.0100,6.4359
89,1.3479,1.2312,0.5608,0.0101,6.4453
90,1.5107,1.1509,0.5479,0.0098,6.3698
91,1.4824,1.1643,0.5443,0.0097,6.3833
92,1.4373,1.1187,0.5419,0.0096,6.4648
93,1.4591,1.1316,0.5425,0.0096,6.8277
94,1.4511,1.1476,0.5256,0.0093,6.3928
95,1.5159,1.0512,0.5180,0.0091,6.3980
96,1.3871,1.1838,0.5154,0.0091,6.4286
97,1.4633,1.1027,0.5119,0.0090,6.4662
98,1.4482,1.0860,0.5047,0.0088,6.4540
99,1.4720,1.1441,0.5070,0.0089,6.5017
100,1.3245,1.2055,0.5060,0.0088,6.4942
101,1.5026,1.0619,0.5030,0.0088,6.4575
102,1.4569,1.1216,0.4985,0.0087,6.4698
103,1.4371,1.1354,0.4976,0.0086,6.5670
104,1.5618,1.0804,0.5006,0.0087,6.5673
105,1.4782,1.1343,0.4838,0.0084,6.5553
106,1.5128,1.0166,0.4719,0.0081,6.5732
107,1.4261,1.0786,0.4668,0.0080,6.5127
108,1.4704,1.0452,0.4649,0.0080,6.5461
109,1.4035,1.1030,0.4717,0.0081,6.6396
110,1.4437,1.0830,0.5203,0.0090,6.7903
111,1.4226,1.1258,0.4792,0.0083,6.2632
112,1.3492,1.1263,0.4524,0.0078,6.3097
113,1.5033,1.0178,0.4436,0.0076,6.3364
114,1.4085,1.0211,0.4454,0.0076,6.4506
115,1.4446,1.0847,0.4328,0.0074,6.3683
116,1.4036,1.0030,0.4284,0.0073,6.3177
117,1.5275,1.0287,0.4289,0.0073,6.3571
118,1.4941,1.0198,0.4236,0.0072,6.3076
119,1.4677,1.0404,0.4116,0.0070,6.4053
120,1.4333,1.0914,0.4105,0.0069,6.4233
121,1.4497,0.9802,0.4131,0.0070,6.4934
122,1.4781,0.9935,0.4016,0.0067,6.4787
123,1.4770,1.0163,0.3942,0.0066,6.4178
124,1.4486,0.9825,0.3879,0.0065,6.4682
125,1.4617,1.0137,0.3820,0.0064,6.4438
126,1.4073,0.9637,0.3830,0.0064,6.5221
127,1.4776,0.9635,0.3833,0.0064,6.5384
128,1.4220,1.0151,0.3774,0.0062,6.5788
129,1.4971,1.0121,0.3754,0.0062,6.5335
130,1.4126,0.9994,0.3765,0.0062,6.6248
131,1.4018,0.9978,0.3710,0.0061,6.5783
132,1.4296,0.9365,0.3611,0.0059,6.6363
133,1.4236,0.9994,0.3600,0.0059,6.6483
134,1.4785,0.9636,0.3596,0.0059,6.5578
135,1.4564,0.9630,0.3644,0.0060,6.5387
136,1.4953,0.9968,0.3588,0.0059,6.5282
137,1.4320,0.9560,0.3527,0.0057,6.5363
138,1.4674,0.9795,0.3492,0.0057,6.6343
139,1.3883,0.9949,0.3459,0.0056,6.5693
140,1.4069,0.9841,0.3658,0.0060,6.5132
141,1.4465,0.9937,0.3385,0.0055,6.5271
142,1.5162,0.9098,0.3334,0.0053,6.6358
143,1.4274,0.9383,0.3244,0.0052,6.6114
144,1.4506,0.9139,0.3165,0.0050,6.6099
145,1.3619,1.0123,0.3206,0.0051,6.6641
146,1.4567,0.9230,0.3150,0.0050,6.5993
147,1.3105,1.0314,0.3315,0.0053,6.7375
148,1.4125,0.8848,0.3339,0.0053,6.7226
149,1.3385,1.0216,0.3389,0.0054,6.7999
150,1.4438,0.9902,0.3224,0.0051,6.7224
151,1.4358,0.9074,0.3135,0.0049,6.6712
152,1.3936,0.9400,0.3138,0.0049,6.6488
153,1.4024,0.9521,0.3087,0.0048,6.6632
154,1.4523,0.9358,0.3006,0.0047,6.6254
155,1.4754,0.9274,0.2955,0.0046,6.5712
156,1.5127,0.8730,0.2858,0.0044,6.5012
157,1.4346,0.8978,0.2876,0.0044,6.5473
158,1.4649,0.8857,0.2865,0.0044,6.4427
159,1.4411,0.8909,0.2887,0.0045,6.4621
160,1.4354,0.8745,0.2807,0.0043,6.3497
161,1.3610,0.9732,0.2869,0.0044,6.4665
162,1.4500,0.9740,0.2924,0.0045,6.6608
163,1.3686,0.9642,0.3218,0.0051,6.6142
164,1.4128,0.9845,0.3154,0.0049,7.0027
165,1.4322,2.2055,1.9048,0.0306,37.4282
166,1.3970,1.7799,1.1905,0.0224,7.1874
167,1.4006,1.2061,0.5069,0.0087,7.4217
168,1.4420,1.0097,0.3644,0.0059,7.0008
169,1.3909,0.9352,0.3277,0.0052,6.6461
170,1.4435,0.9089,0.2892,0.0045,6.4187
171,1.5259,0.8868,0.3173,0.0050,6.5607
172,1.3287,0.9873,0.3014,0.0047,6.4760
173,1.4374,0.9407,0.2747,0.0042,6.3889
174,1.4217,0.8694,0.2619,0.0040,6.1652
175,1.4395,0.8831,0.2485,0.0038,6.0665
176,1.4225,0.8694,0.2606,0.0040,6.0092
177,1.3790,0.9746,0.2565,0.0039,6.1430
178,1.3934,0.8709,0.2571,0.0039,6.0181
179,1.4879,0.8848,0.2510,0.0038,6.1629
180,1.4319,0.8415,0.2337,0.0035,5.8425
181,1.5033,0.8337,0.2354,0.0035,5.8485
182,1.3350,0.9190,0.2236,0.0033,5.7344
183,1.4293,0.8630,0.2226,0.0033,5.7381
184,1.4284,0.8486,0.2205,0.0033,5.6686
185,1.4274,0.8710,0.2384,0.0036,5.9025
186,1.3794,0.8857,0.2502,0.0038,6.1670
187,1.5138,0.8743,0.2446,0.0037,6.0773
188,1.3193,0.9463,0.2447,0.0037,6.0738
189,1.4923,0.8702,0.2325,0.0035,5.9127
190,1.4267,0.8366,0.2225,0.0033,5.8082
191,1.4146,0.8740,0.2182,0.0032,5.7198
192,1.4398,0.8841,0.2213,0.0033,5.7331
193,1.3741,0.8250,0.2172,0.0032,5.7432
194,1.4702,0.8516,0.2242,0.0033,5.9787
195,1.4828,0.8102,0.2223,0.0033,5.9464
196,1.3991,0.8634,0.2206,0.0032,5.8625
197,1.3885,0.8483,0.2262,0.0033,5.9785
198,1.4523,0.8781,0.2250,0.0033,5.9146
199,1.3275,0.9179,0.2159,0.0032,5.8059
200,1.4454,0.8665,0.2132,0.0031,5.8639
201,1.4039,0.8372,0.2094,0.0030,5.8755
202,1.4083,0.8078,0.2036,0.0029,5.7764
203,1.3987,0.8466,0.2092,0.0030,5.7866
204,1.3604,0.9201,0.2263,0.0032,6.4361
205,1.4029,0.8599,0.2278,0.0033,6.1368
206,1.3473,0.9456,0.2476,0.0037,6.1712
207,1.3625,2.1591,1.5680,0.0275,19.4303
208,1.4362,1.3877,0.7326,0.0132,7.3445
209,1.4011,0.9673,0.3408,0.0053,7.3778
210,1.4012,0.8728,0.2627,0.0039,6.8628
211,1.3959,0.8620,0.2455,0.0035,6.8137
212,1.4057,0.9294,0.2282,0.0033,6.4724
213,1.3639,0.8905,0.2234,0.0032,6.3090
214,1.3116,0.9073,0.2155,0.0031,6.0896
215,1.3766,0.9025,0.2111,0.0031,5.8562
216,1.4384,0.8866,0.2101,0.0031,5.7208
217,1.4411,0.8571,0.2099,0.0031,5.6249
218,1.4454,0.8990,0.2154,0.0032,5.6258
219,1.3458,0.9109,0.2115,0.0031,5.5864
220,1.3808,0.8977,0.2018,0.0029,5.5707
221,1.4952,0.8383,0.1948,0.0028,5.4360
222,1.4309,0.8088,0.1880,0.0027,5.4072
223,1.3777,0.8491,0.1806,0.0025,5.3296
224,1.4228,0.8129,0.1843,0.0026,5.3680
225,1.4171,0.8571,0.1877,0.0027,5.4371
226,1.3711,0.8301,0.1863,0.0026,5.4027
227,1.4789,0.8032,0.1995,0.0029,5.5404
228,1.3436,0.9288,0.2008,0.0029,5.6422
229,1.3550,0.8755,0.2003,0.0029,5.6638
230,1.4059,0.9117,0.2079,0.0030,5.7268
231,1.3568,0.8631,0.1991,0.0028,5.7252
232,1.4201,0.8359,0.1920,0.0027,5.6421
233,1.4077,0.8625,0.1902,0.0027,5.6559
234,1.3662,0.8606,0.1957,0.0028,5.5844
235,1.4015,0.8853,0.1882,0.0026,5.5744
236,1.3587,0.8495,0.1825,0.0026,5.4787
237,1.3957,0.8647,0.1824,0.0025,5.4893
238,1.4765,0.8211,0.1949,0.0028,5.6722
239,1.3110,0.9535,0.1993,0.0028,5.7786
240,1.2199,0.9822,0.2053,0.0030,5.6192
241,1.4859,0.8303,0.2162,0.0032,5.7324
242,1.2552,1.0583,0.2134,0.0031,5.7119
243,1.3952,0.8614,0.2166,0.0031,6.0259
244,1.3082,0.9256,0.2200,0.0032,6.1038
245,1.3264,0.9224,0.2078,0.0030,5.8931
246,1.1756,1.0400,0.2162,0.0031,6.0307
247,1.5289,0.9049,0.1999,0.0029,5.7269
248,1.3119,0.8866,0.1948,0.0027,5.7500
249,1.5162,0.7980,0.1882,0.0026,5.5756
250,1.3459,0.8603,0.1761,0.0024,5.4402
251,1.3939,0.8159,0.1751,0.0024,5.4444
252,1.4228,0.8411,0.1815,0.0025,5.4642
253,1.3719,0.9088,0.1967,0.0028,5.7831
254,1.3311,0.8863,0.1899,0.0027,5.7426
255,1.3640,0.8128,0.1944,0.0027,5.7512
256,1.3976,0.9900,0.1929,0.0027,5.7432
257,1.3128,0.9310,0.1907,0.0027,5.7072
258,1.2392,0.9611,0.2090,0.0030,5.8213
259,1.4836,0.8619,0.2075,0.0030,5.7612
260,1.3308,0.8930,0.1960,0.0028,5.7337
261,1.3844,0.8690,0.1945,0.0027,5.7196
262,1.4317,0.8666,0.1994,0.0029,5.6024
263,1.0391,1.1477,0.2009,0.0029,5.5957
264,1.4801,0.8471,0.2523,0.0037,6.7395
265,1.3765,0.8988,0.2893,0.0042,7.7471
266,1.3526,0.9618,0.2321,0.0034,6.2845
267,1.4368,0.8621,0.1986,0.0028,5.9662
268,1.4028,0.8528,0.1879,0.0026,5.6110
269,1.4033,0.8461,0.1756,0.0024,5.5216
270,1.4002,0.8027,0.1610,0.0022,5.1827
271,1.4151,0.8330,0.1558,0.0021,5.0330
272,1.4046,0.8532,0.1560,0.0021,4.9640
273,1.3569,0.8485,0.1724,0.0024,5.4112
274,1.3469,0.9468,0.1974,0.0028,5.5404
275,1.4668,0.7861,0.1935,0.0028,5.5894
276,1.3589,0.9415,0.1734,0.0024,5.3577
277,1.2409,0.9425,0.1738,0.0024,5.3440
278,1.3242,0.8868,0.1744,0.0024,5.2406
279,1.3196,0.8723,0.1757,0.0025,5.2011
280,1.3516,0.9432,0.1838,0.0026,5.2835
281,1.2154,0.9793,0.1944,0.0028,5.2963
282,1.3169,1.0588,0.1897,0.0027,5.3790
283,1.1029,1.0481,0.1888,0.0027,5.4066
284,1.3035,0.9759,0.2149,0.0032,5.3983
285,1.3574,1.0034,0.2152,0.0032,5.6068
286,1.2101,1.0391,0.2080,0.0031,5.5183
287,1.5035,0.8777,0.2159,0.0032,5.5814
288,1.0558,1.1642,0.2080,0.0031,5.4964
289,1.3945,0.9221,0.2093,0.0031,5.5509
290,1.2710,0.9789,0.2142,0.0032,5.5593
291,1.3401,0.9673,0.2067,0.0030,5.5998
292,1.1683,1.0477,0.2064,0.0030,5.4731
293,1.4704,0.8510,0.2042,0.0030,5.4607
294,1.2962,0.9211,0.1822,0.0026,5.2177
295,1.4095,0.8315,0.1756,0.0025,5.1233
296,1.4244,0.8509,0.1725,0.0024,5.0371
297,1.3647,0.8614,0.1677,0.0024,4.9825
298,1.4056,0.8865,0.1642,0.0023,4.9088
299,1.0621,1.1044,0.1737,0.0025,4.9848
300,1.2993,0.8701,0.1896,0.0028,5.1689
301,1.4835,0.9019,0.1862,0.0027,5.2388
302,1.2175,1.0339,0.1877,0.0027,5.1619
303,1.1827,1.0686,0.2346,0.0036,5.3855
304,1.1157,1.1731,0.2490,0.0038,6.1346
305,1.1667,1.0959,0.2713,0.0042,5.8962
306,1.1943,1.1458,0.2805,0.0044,6.1455
307,1.4208,0.9193,0.2322,0.0035,5.8426
308,1.1584,1.0192,0.2014,0.0029,5.4860
309,1.1481,1.0630,0.1967,0.0029,5.2390
310,1.1522,1.0185,0.1971,0.0029,5.1258
311,1.4377,0.9293,0.1887,0.0028,5.0531
312,1.2850,0.9410,0.1802,0.0026,4.9069
313,1.3641,0.9241,0.1784,0.0026,4.9213
314,1.4498,0.8191,0.1793,0.0026,4.8994
315,1.3753,0.9209,0.1787,0.0026,4.8966
316,1.4861,0.8267,0.1779,0.0026,4.8174
317,1.2811,0.9552,0.1752,0.0025,4.8066
318,1.2887,0.9596,0.1766,0.0026,4.8587
319,1.3767,0.8969,0.1846,0.0027,4.8951
320,1.3830,0.8822,0.1875,0.0028,4.8477
321,1.2676,0.9529,0.1725,0.0025,4.8109
322,1.3025,0.8997,0.1656,0.0024,4.7443
323,1.2416,0.9544,0.1658,0.0024,4.7269
324,1.3055,0.8909,0.1756,0.0026,4.7947
325,1.3856,0.9032,0.1800,0.0026,4.8468
326,1.2938,0.9716,0.1835,0.0027,4.8539
327,1.1945,1.0588,0.1886,0.0028,4.9031
328,1.1997,1.0262,0.2101,0.0032,5.0722
329,1.1570,1.1124,0.1991,0.0030,5.0119
330,1.2134,1.0764,0.1991,0.0029,5.2078
331,0.8493,1.4513,43658.5418,0.0055,4365826.6862
332,1.1665,2.3572,1.6053,0.0295,13.0130
333,1.2044,1.8841,0.9564,0.0182,4.8652
334,1.1407,1.5824,0.6541,0.0122,4.3996
335,0.9944,1.5186,0.5297,0.0098,4.1336
336,1.3897,1.2488,0.4686,0.0086,3.9675
337,1.0837,1.4075,0.3614,0.0065,3.8740
338,1.1132,1.2033,0.3662,0.0066,3.7205
339,1.3396,1.2193,0.3227,0.0057,3.6068
340,1.4001,1.0183,0.3099,0.0055,3.6212
341,1.2641,1.0500,0.2708,0.0047,3.5421
342,1.2266,0.9747,0.2449,0.0042,3.4548
343,1.2665,1.0796,0.2846,0.0050,3.5399
344,1.2560,1.0781,0.2467,0.0042,3.5679
345,1.2651,1.0835,0.2311,0.0039,3.4775
346,1.0928,1.2104,0.2610,0.0045,3.4818
347,1.1664,1.1719,0.2459,0.0042,3.4003
348,1.0180,1.2042,0.2253,0.0038,3.3578
349,1.0240,1.2899,0.2961,0.0052,3.4929
350,1.1402,1.2075,0.2594,0.0045,3.4026
351,1.2078,1.1464,0.2530,0.0044,3.4146
352,1.1549,1.2178,0.2440,0.0042,3.3742
353,0.8620,1.4569,0.2195,0.0037,3.3198
354,1.2187,1.0212,0.2235,0.0038,3.3374
355,1.0845,1.1230,0.2195,0.0037,3.3106
356,1.1322,1.3149,0.2322,0.0040,3.3209
357,0.6905,1.5558,0.2373,0.0041,3.3486
358,1.2561,1.0766,0.2527,0.0044,3.3760
359,1.1852,1.0991,0.2418,0.0042,3.3526
360,0.9765,1.3111,0.2207,0.0037,3.3606
361,1.2228,1.1698,0.3070,0.0054,3.6633
362,1.2793,1.0589,0.2367,0.0040,3.5407
363,1.0995,1.1551,0.2337,0.0040,3.4010
364,1.3159,1.0759,0.2223,0.0038,3.4042
365,0.9016,1.3363,0.2190,0.0037,3.3482
366,0.9599,1.3239,0.2350,0.0040,3.4102
367,1.3229,1.0743,0.2212,0.0037,3.3952
368,1.2675,1.0434,0.2179,0.0037,3.3979
369,1.1956,1.0541,0.2096,0.0035,3.3598
370,1.3377,0.9045,0.1921,0.0032,3.3020
371,1.2311,1.0775,0.2010,0.0033,3.3555
372,1.2937,0.9795,0.2092,0.0035,3.3617
373,1.3810,0.9572,0.2077,0.0035,3.4834
374,1.3532,0.9947,0.1988,0.0033,3.3999
375,1.0975,1.0751,0.2080,0.0035,3.4189
376,1.1851,1.0454,0.1994,0.0033,3.4367
377,1.2488,1.0281,0.2016,0.0033,3.4249
378,1.4330,0.8704,0.2124,0.0035,3.5118
379,1.5879,0.9025,0.2090,0.0035,3.5174
380,1.3237,1.0176,0.1982,0.0033,3.4605
381,1.0923,1.0936,0.2066,0.0034,3.4746
382,1.3129,0.9455,0.1974,0.0032,3.5632
383,1.1958,1.0463,0.1965,0.0032,3.4670
384,1.0505,1.1487,0.2026,0.0034,3.4441
385,1.2551,1.1574,0.2333,0.0040,3.4920
386,1.0515,1.3000,0.2478,0.0042,3.5430
387,1.1593,1.1761,0.2456,0.0042,3.6313
388,1.0055,1.2308,0.2376,0.0040,3.5189
389,1.2581,1.1050,0.2620,0.0045,3.5352
390,1.2811,1.1368,0.2468,0.0042,3.5339
391,0.9991,1.3611,0.2225,0.0038,3.4912
392,0.8720,1.3001,0.2258,0.0038,3.5286
393,1.2274,1.1438,0.2744,0.0048,3.5441
394,1.1184,1.2813,0.2523,0.0043,3.5392
395,0.8354,1.4181,0.2168,0.0036,3.5223
396,1.2876,1.1208,0.2328,0.0039,3.5401
397,1.0088,1.2967,0.2389,0.0041,3.5268
398,1.3285,1.1741,0.2420,0.0041,3.5175
399,0.9694,1.2993,0.2245,0.0038,3.5751
400,0.9615,1.1632,0.2336,0.0040,3.5508
401,1.2509,1.1664,0.2584,0.0045,3.5703
402,0.8573,1.5017,0.2455,0.0042,3.5746
403,0.6806,1.5632,0.2488,0.0043,3.5986
404,1.3689,1.1012,0.2487,0.0042,3.6441
405,1.1719,1.0399,0.2192,0.0037,3.6195
406,1.0969,1.1242,0.2252,0.0038,3.6112
407,1.0995,1.1847,0.2292,0.0038,3.7168
408,1.1664,1.0856,0.2169,0.0036,3.6695
409,1.2944,1.0158,0.2133,0.0035,3.6223
410,1.2017,1.0954,0.2148,0.0035,3.7409
411,1.3140,1.0021,0.2312,0.0039,3.7521
412,1.3034,1.0506,0.2301,0.0038,3.7958
413,1.3228,1.0756,0.2312,0.0039,3.7227
414,0.7161,1.5302,0.2121,0.0035,3.6774
415,0.9749,1.1930,0.2063,0.0034,3.6420
416,0.8169,1.4277,0.2318,0.0039,3.6778
417,1.1802,1.2543,0.2453,0.0042,3.7192
418,1.1496,1.2603,0.2503,0.0043,3.7342
419,0.8195,1.5506,0.2610,0.0045,3.7093
420,0.8864,1.4009,0.2468,0.0042,3.7286
421,1.1040,1.2670,0.2244,0.0037,3.6897
422,1.0291,1.2671,0.2242,0.0037,3.7192
423,0.8812,1.4016,0.2708,0.0046,3.9017
424,0.9897,1.3320,0.2588,0.0044,3.8448
425,0.8537,1.4726,0.2379,0.0040,3.7867
426,0.9083,1.4379,0.2639,0.0045,3.8302
427,1.1458,1.1883,0.2818,0.0049,3.8487
428,0.9639,1.3946,0.2610,0.0045,3.8265
429,1.0384,1.3222,0.2604,0.0044,3.8399
430,0.8595,1.4440,0.2651,0.0045,3.8713
431,0.8669,1.5726,0.2554,0.0043,3.8881
432,0.7472,1.5928,0.2567,0.0044,3.8781
433,0.9371,1.3912,0.2543,0.0043,3.9039
434,0.9413,1.4006,0.2556,0.0043,3.9039
435,0.8646,1.4318,0.2379,0.0040,3.9080
436,1.3539,1.0678,0.2513,0.0043,3.8464
437,1.0468,1.1140,0.2343,0.0039,3.8223
438,0.9508,1.1978,0.2215,0.0037,3.8733
439,1.1791,1.1411,0.2387,0.0040,3.8790
440,1.0482,1.2898,0.2535,0.0043,3.8491
441,0.7124,1.5804,0.2392,0.0040,3.8804
442,1.2398,1.2497,0.2579,0.0044,3.8580
443,0.7690,1.6257,0.2623,0.0045,3.9312
444,0.8802,1.4636,0.2491,0.0042,3.9267
445,0.6872,1.6222,0.2421,0.0041,3.9333
446,0.9308,1.4064,0.2995,0.0052,3.9642
447,0.7532,1.6301,0.2888,0.0050,3.9871
448,0.7879,1.6344,0.2858,0.0049,4.0017
449,0.6748,1.7566,0.2670,0.0045,3.9569
450,0.6160,1.6838,0.2674,0.0046,3.9861
451,0.8026,1.5900,0.2930,0.0051,3.9920
452,0.8115,1.6056,0.2907,0.0050,3.9949
453,0.8895,1.6064,0.3108,0.0054,4.0595
454,0.7555,1.5745,0.2816,0.0048,3.9828
455,0.8649,1.4212,0.2938,0.0051,4.0190
456,0.5760,1.9669,0.2991,0.0052,4.0192
457,1.1205,1.4747,0.3030,0.0053,3.9831
458,0.8738,1.5500,0.2753,0.0047,3.9664
459,0.7053,1.6611,0.2776,0.0047,4.0621
460,0.7458,1.5571,0.2882,0.0050,4.0069
461,0.6750,1.6975,0.2874,0.0049,4.1196
462,0.7959,1.4845,0.2873,0.0049,4.1393
463,0.7768,1.6324,0.3133,0.0054,4.0963
464,0.7441,1.6261,0.3101,0.0054,4.1630
465,0.7715,1.5694,0.2927,0.0050,4.1034
466,0.4305,2.0921,0.3082,0.0053,4.1862
467,1.0657,1.5031,0.3288,0.0057,4.2376
468,0.7152,1.7000,0.2907,0.0050,4.0832
469,0.7374,1.6230,0.3406,0.0060,4.1277
470,0.8317,1.6163,0.3227,0.0056,4.1785
471,0.8284,1.6085,0.3228,0.0056,4.1638
472,0.6947,1.7249,0.3373,0.0059,4.2084
473,0.6090,1.8675,0.3223,0.0056,4.2471
474,1.0228,1.4809,0.3272,0.0057,4.3009
475,0.6941,1.7656,0.2976,0.0051,4.1996
476,0.8862,1.5270,0.3201,0.0056,4.1801
477,0.9358,1.4414,0.3202,0.0056,4.2199
478,1.0888,1.2820,0.3079,0.0053,4.1558
479,0.8456,1.3984,0.2852,0.0049,4.2513
480,0.9357,1.3407,0.2847,0.0049,4.1901
481,0.9940,1.3306,0.3014,0.0052,4.1802
482,0.7313,1.7183,0.3413,0.0060,4.2580
483,0.8214,1.6928,0.3431,0.0060,4.4574
484,0.7752,1.7223,0.3185,0.0055,4.3154
485,0.6993,1.7637,0.3001,0.0051,4.3003
486,0.8979,1.4868,0.3032,0.0052,4.2646
487,0.9948,1.3101,0.2993,0.0051,4.2894
488,1.0154,1.4423,0.3050,0.0052,4.3397
489,0.8013,1.5719,0.3101,0.0053,4.3626
490,0.8679,1.6128,0.3205,0.0055,4.4473
491,0.8188,1.6544,0.3313,0.0058,4.2933
492,1.1143,1.4102,0.3253,0.0056,4.3261
493,0.9624,1.4325,0.3207,0.0056,4.3088
494,0.8224,1.4246,0.3076,0.0053,4.3281
495,1.0026,1.3553,0.2986,0.0051,4.3407
496,1.1472,1.2832,0.3148,0.0054,4.4143
497,1.0358,1.4244,0.3041,0.0052,4.4031
498,0.9994,1.3129,0.2963,0.0050,4.4599
499,0.9905,1.4364,0.2912,0.0049,4.4564
500,0.8616,1.4798,0.2888,0.0049,4.3939
501,1.0357,2.3216,5.4945,0.0248,592.9693
502,1.0714,2.3106,3.4342,0.0254,301.3273
503,1.1254,2.3071,3.1806,0.0247,270.2525
504,1.1287,2.2767,2.9206,0.0245,234.8004
505,1.0736,2.2476,2.8413,0.0240,227.3830
506,1.1385,2.1878,2.7075,0.0236,210.6039
507,1.4187,2.0334,2.7236,0.0242,208.6939
508,1.0617,2.2384,2.6493,0.0235,202.8693
509,1.1045,2.2059,2.5180,0.0225,191.5621
510,0.9239,2.2663,2.5029,0.0223,189.9973
511,0.9272,2.2627,2.5024,0.0223,189.4090
512,0.9750,2.2786,2.4844,0.0221,188.0345
513,1.1208,2.1583,2.4607,0.0218,186.3942
514,1.0525,2.2138,2.4013,0.0220,176.8317
515,0.9004,2.3453,2.3644,0.0215,175.2891
516,0.8424,2.2936,2.3600,0.0213,175.1891
517,0.9178,2.2144,2.3342,0.0213,171.8027
518,0.8824,2.2564,2.2840,0.0207,168.3150
519,0.7750,2.3700,2.2630,0.0207,165.1158
520,0.8082,2.3639,2.3593,0.0213,174.2581
521,0.7220,2.5162,2.3970,0.0212,179.1345
522,0.9468,2.3000,2.2662,0.0207,165.0037
523,0.8899,2.2639,2.2704,0.0205,166.3606
524,0.8701,2.2612,2.2451,0.0205,162.5569
525,0.9249,2.3268,2.3943,0.0214,176.4619
526,0.6343,2.5784,2.3703,0.0211,174.5644
527,0.9154,2.2736,2.2198,0.0205,158.7103
528,0.8487,2.2881,2.2432,0.0205,161.3168
529,0.8505,2.2874,2.2148,0.0202,159.2666
530,0.8782,2.2060,2.1727,0.0200,154.7239
531,1.0421,2.1539,2.2621,0.0202,164.5250
532,0.8696,2.2456,2.1504,0.0196,153.7506
533,0.8281,2.2536,2.2044,0.0198,159.6096
534,0.6952,2.3801,2.1128,0.0194,149.3650
535,0.7057,2.5383,2.4563,0.0212,182.1543
536,0.8023,2.3496,2.2175,0.0198,160.0557
537,0.8972,2.1935,2.1829,0.0198,155.3775
538,0.9577,2.1591,2.1114,0.0194,148.3444
539,1.0437,1.9882,2.1137,0.0195,148.0039
540,0.8636,2.2510,2.2895,0.0205,163.7146
541,0.7745,2.3580,2.1544,0.0197,151.2888
542,0.8894,2.2059,2.0914,0.0190,147.3374
543,0.9096,2.1733,2.0911,0.0192,145.7235
544,0.6022,2.5764,2.1334,0.0193,150.4844
545,0.8382,2.3290,2.0890,0.0190,145.9557
546,0.8204,2.3181,2.0989,0.0190,147.1219
547,0.7023,2.4678,2.1787,0.0193,154.9275
548,0.6499,2.5034,2.0658,0.0189,143.2092
549,1.0198,2.1293,2.1398,0.0192,150.1489
550,1.1682,1.9770,2.1161,0.0191,147.7372
551,0.8997,2.1903,2.0875,0.0191,143.9522
552,0.7260,2.4424,2.0883,0.0191,143.7494
553,0.6878,2.4588,2.1722,0.0193,152.8669
554,0.8427,2.2161,2.0665,0.0189,141.4142
555,0.8375,2.2282,2.0357,0.0186,139.5161
556,0.8669,2.2296,2.0869,0.0188,143.9922
557,0.8120,2.2101,2.0859,0.0188,143.6402
558,0.9513,2.1959,2.4245,0.0202,177.1445
559,0.8159,2.4045,2.6447,0.0222,192.1755
560,0.8425,2.2841,2.1661,0.0191,151.0338
561,0.7716,2.3655,2.0654,0.0190,139.2549
562,0.9212,2.1836,2.0417,0.0187,137.8355
563,0.8060,2.2334,2.0400,0.0185,138.2918
564,0.8340,2.2452,2.0403,0.0186,137.9120
565,0.6081,2.5099,2.0320,0.0187,136.0103
566,0.6062,2.5100,2.0433,0.0185,138.0063
567,0.8509,2.2786,2.0199,0.0186,134.5494
568,0.7004,2.3868,2.0190,0.0186,134.3774
569,0.8155,2.2911,2.1801,0.0192,150.2532
570,0.7867,2.4059,2.3164,0.0199,161.9468
571,0.7537,2.3674,2.0402,0.0187,135.6512
572,0.6586,2.3867,2.0339,0.0185,135.6046
573,0.7403,2.4151,2.0138,0.0183,133.8895
574,0.6054,2.5680,2.0274,0.0183,135.4712
575,0.5624,2.5371,2.0114,0.0185,132.1957
576,0.7175,2.4451,2.0987,0.0189,140.3764
577,0.8596,2.1933,2.0420,0.0186,134.5885
578,0.6915,2.3808,2.0129,0.0184,132.0252
579,0.7555,2.3880,2.0640,0.0191,134.2964
580,0.8686,2.2340,2.0436,0.0188,133.2203
581,0.7752,2.2900,1.9866,0.0187,126.7475
582,0.6160,2.5405,2.0855,0.0190,136.6849
583,0.7519,2.4716,2.0969,0.0192,136.6090
584,0.6246,2.5386,2.0104,0.0188,128.2439
585,0.5533,2.6697,2.1272,0.0189,141.6672
586,0.7534,2.4634,2.0108,0.0186,129.2334
587,0.6614,2.5018,2.0388,0.0186,132.3696
588,0.7383,2.3505,1.9987,0.0185,127.7894
589,0.5660,2.6332,2.0289,0.0186,130.5296
590,0.6921,2.5118,2.1148,0.0189,138.9544
591,0.5623,2.6712,2.0109,0.0186,127.9839
592,0.5997,2.5984,2.0207,0.0187,128.5438
593,0.6167,2.5127,1.9898,0.0185,125.7103
594,0.6413,2.5221,2.0250,0.0185,129.6516
595,0.6840,2.4520,2.0232,0.0184,129.7253
596,0.6747,2.4965,1.9941,0.0184,126.0579
597,0.8568,2.3145,2.0218,0.0186,128.1142
598,0.7156,2.4153,2.0129,0.0185,127.4445
599,0.7410,2.3291,2.0278,0.0183,129.8767
600,0.6297,2.3719,1.9446,0.0179,122.3652
601,0.6866,2.4995,2.0888,0.0187,134.4653
602,0.6204,2.5109,2.0239,0.0185,127.7835
603,0.6844,2.4565,2.0158,0.0185,126.8640
604,0.6198,2.5779,2.0112,0.0186,125.4113
605,0.6172,2.5727,1.9635,0.0183,121.5563
606,0.6996,2.4336,1.9584,0.0182,121.3899
607,0.7442,2.4170,2.1614,0.0188,140.9319
608,0.6295,2.4937,1.9989,0.0184,124.1773
609,0.5974,2.5106,1.9806,0.0183,122.6030
610,0.5409,2.6231,2.0102,0.0185,124.7355
611,0.6222,2.5054,2.0311,0.0184,127.2577
612,0.6263,2.5273,1.9786,0.0184,121.2284
613,0.6037,2.6306,2.0393,0.0187,126.1830
614,0.4579,2.7810,1.9545,0.0182,118.8941
615,0.6819,2.4631,2.0187,0.0185,124.3657
616,0.7277,2.6393,2.5210,0.0213,165.3741
617,0.7263,2.5253,2.0412,0.0186,126.0901
618,0.6538,2.3992,1.9950,0.0186,120.7262
619,0.6294,2.4748,1.9657,0.0183,118.6869
620,0.6042,2.5318,1.9535,0.0182,117.6612
621,0.6596,2.4785,2.0314,0.0186,124.1972
622,0.4288,2.9195,2.0117,0.0186,121.7290
623,0.4008,3.0464,1.9779,0.0185,118.3137
624,0.5081,2.8678,2.0427,0.0189,123.1615
625,0.3406,3.0806,1.9608,0.0182,117.6886
626,0.2452,3.4681,1.9686,0.0180,119.5214
627,0.4555,2.9271,1.9668,0.0182,117.9363
628,0.5065,2.7929,2.0090,0.0184,121.7121
629,0.5632,2.6702,2.0143,0.0184,121.8576
630,0.5443,2.6654,1.9826,0.0181,119.5212
631,0.6080,2.6571,2.0231,0.0184,122.2669
632,0.7294,2.4536,2.0179,0.0182,122.5054
633,0.5833,2.5831,2.0336,0.0183,123.4941
634,0.5154,2.7520,2.1521,0.0187,134.4799
635,0.6077,2.5844,1.9946,0.0182,119.5192
636,0.6539,2.5489,2.0353,0.0185,122.1321
637,0.5066,2.7047,1.9531,0.0181,115.4266
638,0.5745,2.7096,2.0429,0.0185,122.6540
639,0.6306,2.5612,1.9940,0.0184,117.8829
640,0.6637,2.4358,1.9910,0.0184,117.3391
641,0.6431,2.5272,1.9878,0.0186,115.6378
642,0.5460,2.6973,2.0259,0.0186,119.3161
643,0.6099,2.6075,2.0107,0.0185,118.2323
644,0.5864,2.6028,1.9772,0.0184,114.7292
645,0.5444,2.7525,2.0614,0.0187,122.5778
646,0.6788,2.5254,2.0878,0.0188,124.4683
647,0.6590,2.6065,2.0270,0.0183,120.3297
648,0.5835,2.7014,1.9941,0.0186,115.2469
649,0.4231,2.8999,1.9839,0.0184,114.7886
650,0.6047,2.7818,2.1165,0.0191,125.1039
651,0.5181,2.9512,2.0397,0.0189,118.0209
652,0.3762,3.1697,2.0451,0.0186,119.6465
653,0.2670,3.3653,2.0240,0.0186,117.4876
654,0.4201,3.0428,2.1056,0.0190,123.7988
655,0.3344,3.2265,2.0769,0.0185,123.0807
656,0.1604,3.6653,1.9481,0.0182,110.9152
657,0.1423,3.7891,1.9849,0.0182,114.4525
658,0.1257,3.9262,2.0027,0.0182,116.3627
659,0.1632,3.9182,1.9891,0.0182,114.8553
660,0.1816,3.8020,2.0005,0.0183,115.3140
661,0.2719,3.3627,2.0033,0.0183,115.5178
662,0.1869,3.6438,2.0276,0.0183,117.7016
663,0.4620,3.0892,2.0251,0.0183,117.0476
664,0.4810,3.0623,1.9998,0.0185,113.6376
665,0.3296,3.2211,2.0459,0.0183,118.9651
666,0.2360,3.4611,2.0367,0.0183,117.8896
667,0.3599,3.1296,2.0297,0.0183,117.3383
668,0.5205,3.0115,2.0345,0.0186,115.8718
669,0.4142,3.1451,2.0562,0.0184,118.7452
670,0.2418,3.4704,2.0081,0.0183,114.3134
671,0.1813,3.5469,1.9711,0.0182,111.0257
672,0.3161,3.3100,2.0140,0.0182,114.8600
673,0.2634,3.4146,2.0144,0.0182,114.9031
674,0.4313,2.9687,1.9879,0.0182,111.9529
675,0.5846,2.7317,2.0208,0.0183,115.0455
676,0.4475,2.9330,1.9980,0.0182,112.6756
677,0.3404,3.2003,2.0629,0.0185,117.7278
678,0.4779,2.9026,2.1560,0.0189,125.4053
679,0.3596,3.2399,2.0757,0.0187,117.8694
680,0.2990,3.3512,2.0283,0.0185,113.6665
681,0.4066,2.9034,1.9766,0.0182,109.5796
682,0.4842,2.7873,2.0141,0.0183,112.9919
683,0.6500,2.6765,1.9472,0.0181,106.7660
684,0.5759,2.7144,1.9866,0.0182,110.2390
685,0.5776,2.6733,2.0141,0.0184,112.1536
686,0.5317,2.8033,2.0294,0.0184,113.4107
687,0.5272,2.8240,1.9856,0.0183,109.1063
688,0.5302,2.7952,2.0111,0.0184,110.9039
689,0.4254,2.8904,1.9583,0.0180,107.4456
690,0.3682,3.0428,1.9974,0.0183,110.1004
691,0.5364,2.7397,2.0429,0.0186,112.8301
692,0.4808,2.8871,1.9833,0.0184,107.8950
693,0.4619,2.8391,1.9462,0.0182,104.8451
694,0.4961,2.7826,1.9843,0.0184,107.6246
695,0.4942,2.8484,1.9879,0.0184,107.9561
696,0.4606,2.7653,1.9980,0.0186,107.6978
697,0.5606,2.7872,2.0069,0.0188,107.1592
698,0.5595,2.7735,2.0903,0.0190,114.4170
699,0.5328,2.6846,2.0309,0.0190,108.2092
700,0.3717,3.1758,2.1001,0.0192,114.2492
701,0.2819,3.3439,2.0130,0.0188,107.0815
702,0.3090,3.2460,2.0456,0.0188,110.6912
703,0.2983,3.3441,2.0268,0.0187,109.1331
704,0.1850,3.8077,2.0172,0.0185,109.0263
705,0.2708,3.5485,2.1714,0.0191,121.7295
706,0.3289,3.3626,2.0377,0.0186,110.7889
707,0.2929,3.4812,2.0131,0.0187,107.9405
708,0.3128,3.4375,1.9991,0.0184,107.8577
709,0.2896,3.4799,2.1283,0.0188,118.8506
710,0.3405,3.3266,2.0006,0.0186,107.2642
711,0.2930,3.2816,1.9898,0.0184,107.1591
712,0.2049,3.6476,1.9908,0.0183,107.5325
713,0.1088,4.3560,2.1639,0.0189,121.6426
714,0.1768,3.6341,2.0346,0.0183,111.9554
715,0.2239,3.5574,1.9590,0.0181,105.4233
716,0.3125,3.3966,2.0240,0.0181,111.7486
717,0.3161,3.3843,2.0356,0.0185,111.2787
718,0.3672,3.2862,1.9923,0.0186,106.4765
719,0.2846,3.4418,1.9963,0.0184,107.7036
720,0.3041,3.5382,1.9716,0.0185,104.9029
721,0.1138,4.3059,2.0037,0.0182,109.1855
722,0.0801,4.4988,1.9530,0.0180,105.0549
723,0.1387,4.0755,2.0303,0.0183,111.7172
724,0.3528,3.2437,1.9908,0.0182,108.1758
725,0.2632,3.6959,2.0350,0.0185,111.1284
726,0.2546,3.5331,1.9830,0.0183,106.9008
727,0.2744,3.4600,1.9952,0.0182,108.5788
728,0.1849,3.6837,1.9297,0.0180,103.0089
729,0.1431,3.9634,1.9387,0.0179,104.4278
730,0.3102,3.4937,1.9392,0.0180,103.9219
731,0.3764,3.3042,1.9918,0.0183,107.7258
732,0.1483,3.9059,2.0008,0.0182,109.1430
733,0.3552,3.3178,1.9652,0.0183,105.1690
734,0.3954,3.2563,1.9752,0.0182,106.3875
735,0.2188,3.7167,2.0529,0.0183,113.7693
736,0.1019,4.2279,1.9684,0.0181,106.3159
737,0.1213,4.1208,2.0476,0.0183,113.2506
738,0.1139,4.2232,2.1132,0.0186,118.5684
739,0.0879,4.3731,1.9593,0.0180,105.8740
740,0.3063,3.4834,1.9264,0.0180,102.6317
741,0.2555,3.6756,1.9908,0.0180,109.0266
742,0.1088,4.2041,1.9544,0.0180,105.4297
743,0.3292,3.5157,2.0291,0.0181,112.5031
744,0.2460,3.6740,2.0136,0.0183,109.8484
745,0.2133,3.6809,2.0204,0.0183,110.3300
746,0.3045,3.4420,2.0759,0.0184,115.3682
747,0.4755,3.0671,1.9868,0.0182,107.4449
748,0.3870,3.0697,2.0750,0.0184,115.3698
749,0.4290,2.9991,1.9552,0.0185,103.2107
750,0.4054,3.1515,1.9710,0.0186,104.2467
751,0.4197,3.1404,1.9138,0.0182,100.4563
752,0.3308,3.3796,1.9877,0.0184,106.6590
753,0.2742,3.4808,1.9163,0.0183,100.2258
754,0.2379,3.5913,1.9550,0.0184,103.6596
755,0.3405,3.0963,1.9247,0.0180,102.4734
756,0.5506,2.8113,2.0368,0.0185,111.2164
757,0.3236,3.4279,2.0068,0.0186,107.4776
758,0.2515,3.4701,1.9582,0.0184,103.8217
759,0.2156,3.6689,1.9540,0.0182,104.2840
760,0.2083,3.6163,1.9378,0.0181,103.0865
761,0.1870,3.6665,1.9422,0.0181,103.6869
762,0.1602,3.8576,1.9852,0.0181,107.9188
763,0.3198,3.3291,1.9438,0.0181,104.0002
764,0.3239,3.1176,1.9631,0.0181,105.8126
765,0.3947,3.0404,1.9757,0.0182,106.5258
766,0.4885,2.9109,1.9750,0.0182,106.5409
767,0.4059,2.9676,1.9787,0.0182,106.9308
768,0.3460,3.1551,1.9884,0.0183,107.4427
769,0.4025,3.0326,1.9950,0.0182,108.3014
770,0.4291,2.9732,1.9630,0.0182,105.5499
771,0.4701,2.8896,1.9113,0.0180,101.0894
772,0.4247,3.0326,2.0054,0.0183,108.8096
773,0.3533,3.1508,1.9748,0.0183,105.9053
774,0.3972,3.1118,2.1704,0.0192,121.1716
775,0.4492,2.9954,1.9491,0.0182,103.6677
776,0.3207,3.3238,1.9281,0.0182,101.7396
777,0.2917,3.4052,1.9338,0.0182,102.5718
778,0.2389,3.6767,1.9110,0.0180,100.9951
779,0.4799,3.1078,1.9260,0.0182,101.6854
780,0.3356,3.3213,1.9023,0.0181,99.9472
781,0.3909,3.0475,1.8867,0.0179,99.2028
782,0.3942,3.0917,1.9202,0.0180,102.1600
783,0.2083,3.7042,1.9805,0.0179,108.4228
784,0.2589,3.4729,1.9318,0.0180,103.1057
785,0.3686,3.3329,1.9265,0.0180,102.5750
786,0.3108,3.2635,1.8997,0.0178,100.9816
787,0.4937,2.9581,1.9896,0.0181,108.4543
788,0.4151,3.0133,1.9049,0.0180,100.6080
789,0.4739,3.0002,1.9137,0.0180,101.1870
790,0.3085,3.2811,1.9029,0.0179,100.8741
791,0.2839,3.3600,1.9910,0.0184,107.0728
792,0.2247,3.5308,1.9042,0.0180,100.2272
793,0.2863,3.5033,1.9013,0.0180,99.9011
794,0.2363,3.6041,1.9209,0.0180,102.3003
795,0.2777,3.4123,1.8935,0.0180,99.2405
796,0.2873,3.3281,1.9915,0.0183,107.8161
797,0.3672,3.2448,1.9376,0.0182,102.9590
798,0.4900,2.9814,1.9597,0.0180,106.0986
799,0.3020,3.3374,1.9189,0.0180,101.9547
800,0.3037,3.4708,1.9154,0.0179,101.9366
801,0.2575,3.4577,1.8782,0.0179,98.1206
802,0.3261,3.2601,1.9181,0.0179,102.1788
803,0.3010,3.2462,1.8876,0.0179,99.2721
804,0.5575,2.9105,1.9399,0.0182,103.0373
805,0.3393,3.1737,1.9195,0.0180,101.8541
806,0.2506,3.4227,1.9311,0.0181,102.4023
807,0.2843,3.4644,1.9298,0.0179,103.3249
808,0.4461,3.1678,1.8973,0.0180,99.5094
809,0.4276,3.0462,1.8933,0.0180,99.3223
810,0.4081,3.0648,1.8988,0.0180,99.9073
811,0.3245,3.2655,1.9081,0.0180,100.6866
812,0.2802,3.3492,1.9018,0.0180,100.3788
813,0.3363,3.3665,1.9327,0.0182,102.2395
814,0.2829,3.3839,2.0596,0.0186,112.8113
815,0.3078,3.3951,1.9228,0.0178,103.1028
816,0.3387,3.2348,1.9223,0.0180,102.3972
817,0.3853,3.1601,1.9301,0.0181,102.6579
818,0.3686,3.1530,1.8832,0.0179,98.6090
819,0.3230,3.2105,1.9230,0.0180,102.5332
820,0.2376,3.4584,1.8723,0.0179,97.8038
821,0.2972,3.2415,1.8901,0.0178,99.7796
822,0.3316,3.2746,1.8899,0.0178,99.7753
823,0.2698,3.4448,1.8926,0.0178,100.3245
824,0.3544,3.2370,1.9148,0.0179,102.0511
825,0.3489,3.2320,1.8825,0.0178,99.4046
826,0.4608,3.0329,1.8768,0.0177,98.9637
827,0.3429,3.1299,1.9587,0.0180,105.7457
828,0.3716,3.1728,1.8671,0.0178,97.5666
829,0.4806,3.0216,1.8633,0.0177,97.7489
830,0.3021,3.3574,1.8996,0.0179,100.5946
831,0.2348,3.5011,1.8715,0.0177,98.4021
832,0.1742,3.7226,1.9571,0.0182,104.9310
833,0.2312,3.6646,1.9052,0.0179,101.0214
834,0.4504,3.0995,1.8481,0.0178,95.9829
835,0.3108,3.2512,1.8925,0.0178,100.4507
836,0.3848,3.2252,1.8856,0.0178,99.7581
837,0.3816,3.1899,1.9109,0.0180,101.1226
838,0.2529,3.4243,1.8792,0.0178,99.1241
839,0.3509,3.3702,1.9139,0.0180,101.3814
840,0.2306,3.6278,1.8876,0.0178,99.6959
841,0.2764,3.5094,1.9278,0.0180,102.7193
842,0.3215,3.3076,1.8747,0.0178,98.4396
843,0.2407,3.4830,1.8824,0.0178,99.3007
844,0.2792,3.4842,1.8790,0.0178,98.7614
845,0.2197,3.6185,1.8965,0.0178,100.4482
846,0.2562,3.5423,1.8907,0.0177,100.7586
847,0.2547,3.5060,1.8628,0.0178,97.2202
848,0.2541,3.3725,1.8680,0.0176,98.9412
849,0.2118,3.5722,1.8893,0.0177,100.2755
850,0.3051,3.4885,1.8777,0.0177,99.1551
851,0.2024,3.6543,1.8903,0.0176,100.8278
852,0.2722,3.5247,1.8900,0.0179,99.4895
853,0.1497,3.9960,1.8750,0.0178,98.6637
854,0.1440,4.0401,1.8901,0.0178,99.7775
855,0.1221,4.0981,2.0020,0.0179,110.4978
856,0.0978,4.4577,1.9460,0.0182,103.5279
857,0.0521,4.8205,1.9084,0.0178,101.7586
858,0.0499,4.9933,1.8750,0.0177,98.8807
859,0.0414,5.1054,1.8747,0.0175,99.8105
860,0.0232,5.5993,1.8772,0.0176,99.9035
861,0.0746,4.5703,1.9297,0.0179,103.6414
862,0.1838,4.0485,1.8457,0.0175,97.0365
863,0.1525,4.1998,1.8582,0.0177,97.4045
864,0.1515,4.0686,1.8818,0.0177,99.5109
865,0.2243,3.8321,1.8615,0.0177,97.7017
866,0.2182,3.7731,1.8695,0.0177,98.2219
867,0.1764,3.8817,1.8540,0.0176,97.6200
868,0.1275,4.1332,1.9116,0.0179,101.8362
869,0.1226,4.4038,1.9466,0.0177,105.9793
870,0.0817,4.4962,1.9038,0.0176,102.3472
871,0.0941,4.5250,1.8578,0.0176,97.9674
872,0.0826,4.4703,1.9108,0.0177,102.7605
873,0.0856,4.3687,1.8771,0.0175,99.9659
874,0.0562,4.7645,1.8695,0.0174,99.9237
875,0.0435,4.8846,1.8706,0.0175,99.7045
876,0.0533,4.8846,1.8706,0.0175,99.7045
877,0.0512,4.9058,1.8413,0.0173,97.7292
878,0.0423,5.3331,1.8926,0.0175,101.8986
879,0.1663,4.8381,1.8823,0.0175,100.7990
880,0.1829,4.3499,1.9715,0.0180,107.1996
881,0.0692,4.6455,1.8959,0.0177,101.1895
882,0.0792,4.5997,1.8598,0.0174,98.9340
883,0.1004,4.4719,1.8692,0.0174,99.8776
884,0.0543,4.8515,1.8916,0.0175,101.6342
885,0.0961,4.3742,1.8982,0.0175,102.4221
886,0.1175,4.3452,1.9954,0.0181,108.8376
887,0.1408,4.2952,1.9651,0.0179,107.0011
888,0.2123,4.0628,1.9665,0.0181,106.1539
889,0.2052,4.0315,1.9821,0.0180,108.4582
890,0.0718,4.7317,1.9407,0.0176,105.8567
891,0.0699,4.7960,1.8946,0.0175,102.0816
892,0.1698,4.0951,1.9223,0.0177,103.5268
893,0.1168,4.2891,1.8599,0.0175,98.3298
894,0.1385,4.2550,1.8744,0.0176,99.5341
895,0.1388,4.2528,1.8666,0.0175,99.3744
896,0.1059,4.3323,1.8709,0.0174,99.8536
897,0.0834,4.4620,1.8707,0.0174,100.0226
898,0.1417,4.1865,1.8628,0.0177,97.6054
899,0.1886,4.1348,1.8850,0.0177,100.1906
900,0.0783,4.5014,1.8703,0.0175,99.6513
901,0.1391,4.1172,1.9194,0.0175,104.3387
902,0.1079,4.3266,1.9098,0.0175,103.3184
903,0.0967,4.3349,1.8834,0.0174,101.0902
904,0.0665,4.8020,1.8795,0.0175,100.3862
905,0.0570,4.8383,1.8762,0.0173,101.0086
906,0.0686,4.7096,1.8939,0.0175,101.9101
907,0.1193,4.3167,1.8563,0.0173,99.1185
908,0.1104,4.3786,1.8309,0.0173,96.4180
909,0.1001,4.3535,1.9531,0.0178,106.3081
910,0.0792,4.6189,1.8933,0.0174,102.1498
911,0.1343,4.2669,1.9022,0.0175,102.9233
912,0.0583,4.7416,1.8363,0.0171,97.9412
913,0.0986,4.4230,1.8561,0.0174,98.5361
914,0.1823,4.1586,1.8634,0.0176,98.4432
915,0.0852,4.7250,1.9036,0.0174,103.1068
916,0.0758,4.6547,1.8562,0.0174,98.8122
917,0.1303,4.4430,1.8496,0.0173,98.6276
918,0.0713,4.7353,1.8655,0.0174,99.7735
919,0.0943,4.6012,1.8711,0.0173,100.4266
920,0.1200,4.4760,1.9412,0.0176,106.1131
921,0.0385,5.1728,1.8620,0.0173,99.5016
922,0.0602,4.8274,1.9054,0.0174,103.3341
923,0.0402,5.0734,1.9012,0.0173,103.4047
924,0.0473,4.9946,1.9207,0.0175,104.4899
925,0.0819,4.6815,1.8628,0.0172,100.2766
926,0.0740,4.7285,1.8503,0.0173,98.7009
927,0.1057,4.4642,1.8467,0.0173,98.3816
928,0.0948,4.4891,1.8499,0.0174,97.7755
929,0.0674,5.1261,1.8668,0.0175,99.3637
930,0.0623,4.7991,1.8656,0.0174,99.5317
931,0.0945,4.6394,1.8652,0.0174,99.3051
932,0.1756,4.1579,1.8437,0.0174,97.1705
933,0.1996,3.9019,1.8689,0.0175,99.3514
934,0.3459,3.6277,1.8459,0.0176,96.6725
935,0.2387,3.6571,1.8461,0.0176,96.4324
936,0.1983,3.8727,1.8222,0.0174,95.2353
937,0.2131,3.6905,1.8325,0.0174,96.4071
938,0.2498,3.6111,1.8357,0.0177,95.3006
939,0.2002,3.7506,1.8750,0.0176,99.5568
940,0.1892,3.8688,1.9302,0.0178,104.1589
941,0.1769,3.8753,1.8527,0.0177,97.0120
942,0.2345,3.7256,1.8002,0.0175,92.6759
943,0.2969,3.6309,1.8659,0.0176,98.6971
944,0.1978,3.9904,1.8408,0.0176,95.9576
945,0.1964,3.8637,1.8327,0.0176,95.2149
946,0.3691,3.4346,1.8428,0.0175,96.5780
947,0.2109,3.7204,1.8023,0.0175,92.6707
948,0.2461,3.6652,1.8219,0.0174,95.1207
949,0.2213,3.6005,1.8401,0.0175,96.4070
950,0.2225,3.6185,1.8126,0.0175,93.9786
951,0.2300,3.7562,1.8625,0.0176,98.1954
952,0.3088,3.5806,1.8697,0.0178,97.8788
953,0.2908,3.5057,1.8547,0.0178,96.5758
954,0.2378,3.6516,1.8415,0.0180,94.1389
955,0.2961,3.6099,1.8491,0.0179,95.5746
956,0.2110,3.8424,1.8897,0.0179,99.2871
957,0.1141,4.0770,1.8188,0.0177,93.5760
958,0.1548,4.0068,1.8282,0.0178,94.0471
959,0.1719,4.0667,1.8287,0.0176,94.9588
960,0.1968,3.9929,1.8409,0.0177,95.5444
961,0.2766,3.5835,1.8418,0.0178,95.3866
962,0.3000,3.4791,1.8776,0.0179,98.2873
963,0.1828,3.8976,1.8553,0.0176,97.4687
964,0.1409,4.1154,1.8431,0.0177,95.9652
965,0.1797,3.9697,1.8394,0.0176,95.8652
966,0.2604,3.6920,1.8367,0.0176,95.5860
967,0.2543,3.5683,1.8179,0.0174,94.6082
968,0.3000,3.4620,1.8484,0.0174,97.6775
969,0.2699,3.6620,1.8083,0.0175,93.4920
970,0.2647,3.5216,1.8040,0.0174,93.5176
971,0.2698,3.4109,1.8273,0.0175,95.3707
972,0.2188,3.6701,1.8145,0.0174,94.5868
973,0.2830,3.5192,1.8400,0.0176,96.1028
974,0.2383,3.7137,1.8358,0.0175,95.8902
975,0.2266,3.7634,1.8812,0.0177,99.5909
976,0.2330,3.7727,1.8401,0.0176,95.9031
977,0.1204,3.9937,1.8575,0.0175,98.2889
978,0.1874,3.7835,1.8213,0.0174,94.8981
979,0.1920,3.7438,1.8170,0.0174,94.6351
980,0.2308,3.7318,1.8010,0.0175,92.7312
981,0.2344,3.6629,1.8295,0.0176,95.1488
982,0.2109,3.7093,1.8215,0.0175,94.8096
983,0.1950,3.7337,1.8361,0.0174,96.6954
984,0.3278,3.6057,1.8380,0.0174,96.6105
985,0.2425,3.6327,1.8434,0.0175,97.0404
986,0.2172,3.7116,1.8258,0.0174,95.3440
987,0.2039,3.7510,1.8178,0.0173,95.1794
988,0.2708,3.5767,1.8522,0.0175,97.4892
989,0.2806,3.4608,1.8521,0.0176,97.3113
990,0.3046,3.5117,1.8721,0.0175,99.9298
991,0.1669,3.8335,1.8030,0.0173,93.6897
992,0.1766,3.9401,1.8384,0.0173,97.2763
993,0.2535,3.6950,1.8114,0.0175,93.7446
994,0.2870,3.4138,1.8336,0.0176,95.4881
995,0.2019,3.6622,1.8549,0.0173,98.8894
996,0.2673,3.5381,1.8160,0.0174,94.7638
997,0.3369,3.5101,1.8193,0.0173,95.3490
998,0.2784,3.4093,1.8222,0.0175,94.9425
999,0.2175,3.6531,1.7916,0.0174,92.2317
1000,0.3050,3.4486,1.7851,0.0172,92.6444